fecha,valor,unidad,fuente,url_fuente
2024-09,2.87,%,"Banco Central Europeo (Data Portal, MIR: tipos de interés de nuevas operaciones, vivienda, España, fijación inicial superior a 10 años)",https://data.ecb.europa.eu/data/datasets/MIR/MIR.M.ES.B.A2C.P.R.A.2250.EUR.N
2024-10,2.83,%,"Banco Central Europeo (Data Portal, MIR: tipos de interés de nuevas operaciones, vivienda, España, fijación inicial superior a 10 años)",https://data.ecb.europa.eu/data/datasets/MIR/MIR.M.ES.B.A2C.P.R.A.2250.EUR.N
2024-11,2.74,%,"Banco Central Europeo (Data Portal, MIR: tipos de interés de nuevas operaciones, vivienda, España, fijación inicial superior a 10 años)",https://data.ecb.europa.eu/data/datasets/MIR/MIR.M.ES.B.A2C.P.R.A.2250.EUR.N
2024-12,2.69,%,"Banco Central Europeo (Data Portal, MIR: tipos de interés de nuevas operaciones, vivienda, España, fijación inicial superior a 10 años)",https://data.ecb.europa.eu/data/datasets/MIR/MIR.M.ES.B.A2C.P.R.A.2250.EUR.N
2025-01,2.66,%,"Banco Central Europeo (Data Portal, MIR: tipos de interés de nuevas operaciones, vivienda, España, fijación inicial superior a 10 años)",https://data.ecb.europa.eu/data/datasets/MIR/MIR.M.ES.B.A2C.P.R.A.2250.EUR.N
2025-02,2.62,%,"Banco Central Europeo (Data Portal, MIR: tipos de interés de nuevas operaciones, vivienda, España, fijación inicial superior a 10 años)",https://data.ecb.europa.eu/data/datasets/MIR/MIR.M.ES.B.A2C.P.R.A.2250.EUR.N
2025-03,2.57,%,"Banco Central Europeo (Data Portal, MIR: tipos de interés de nuevas operaciones, vivienda, España, fijación inicial superior a 10 años)",https://data.ecb.europa.eu/data/datasets/MIR/MIR.M.ES.B.A2C.P.R.A.2250.EUR.N
2025-04,2.54,%,"Banco Central Europeo (Data Portal, MIR: tipos de interés de nuevas operaciones, vivienda, España, fijación inicial superior a 10 años)",https://data.ecb.europa.eu/data/datasets/MIR/MIR.M.ES.B.A2C.P.R.A.2250.EUR.N
2025-05,2.51,%,"Banco Central Europeo (Data Portal, MIR: tipos de interés de nuevas operaciones, vivienda, España, fijación inicial superior a 10 años)",https://data.ecb.europa.eu/data/datasets/MIR/MIR.M.ES.B.A2C.P.R.A.2250.EUR.N
2025-06,2.52,%,"Banco Central Europeo (Data Portal, MIR: tipos de interés de nuevas operaciones, vivienda, España, fijación inicial superior a 10 años)",https://data.ecb.europa.eu/data/datasets/MIR/MIR.M.ES.B.A2C.P.R.A.2250.EUR.N
2025-07,2.47,%,"Banco Central Europeo (Data Portal, MIR: tipos de interés de nuevas operaciones, vivienda, España, fijación inicial superior a 10 años)",https://data.ecb.europa.eu/data/datasets/MIR/MIR.M.ES.B.A2C.P.R.A.2250.EUR.N
2025-08,2.5,%,"Banco Central Europeo (Data Portal, MIR: tipos de interés de nuevas operaciones, vivienda, España, fijación inicial superior a 10 años)",https://data.ecb.europa.eu/data/datasets/MIR/MIR.M.ES.B.A2C.P.R.A.2250.EUR.N
2025-09,2.49,%,"Banco Central Europeo (Data Portal, MIR: tipos de interés de nuevas operaciones, vivienda, España, fijación inicial superior a 10 años)",https://data.ecb.europa.eu/data/datasets/MIR/MIR.M.ES.B.A2C.P.R.A.2250.EUR.N
2025-10,2.48,%,"Banco Central Europeo (Data Portal, MIR: tipos de interés de nuevas operaciones, vivienda, España, fijación inicial superior a 10 años)",https://data.ecb.europa.eu/data/datasets/MIR/MIR.M.ES.B.A2C.P.R.A.2250.EUR.N
2025-11,2.43,%,"Banco Central Europeo (Data Portal, MIR: tipos de interés de nuevas operaciones, vivienda, España, fijación inicial superior a 10 años)",https://data.ecb.europa.eu/data/datasets/MIR/MIR.M.ES.B.A2C.P.R.A.2250.EUR.N
2025-12,2.46,%,"Banco Central Europeo (Data Portal, MIR: tipos de interés de nuevas operaciones, vivienda, España, fijación inicial superior a 10 años)",https://data.ecb.europa.eu/data/datasets/MIR/MIR.M.ES.B.A2C.P.R.A.2250.EUR.N
2026-01,2.49,%,"Banco Central Europeo (Data Portal, MIR: tipos de interés de nuevas operaciones, vivienda, España, fijación inicial superior a 10 años)",https://data.ecb.europa.eu/data/datasets/MIR/MIR.M.ES.B.A2C.P.R.A.2250.EUR.N
2026-02,2.56,%,"Banco Central Europeo (Data Portal, MIR: tipos de interés de nuevas operaciones, vivienda, España, fijación inicial superior a 10 años)",https://data.ecb.europa.eu/data/datasets/MIR/MIR.M.ES.B.A2C.P.R.A.2250.EUR.N
2026-03,2.58,%,"Banco Central Europeo (Data Portal, MIR: tipos de interés de nuevas operaciones, vivienda, España, fijación inicial superior a 10 años)",https://data.ecb.europa.eu/data/datasets/MIR/MIR.M.ES.B.A2C.P.R.A.2250.EUR.N
2026-04,2.62,%,"Banco Central Europeo (Data Portal, MIR: tipos de interés de nuevas operaciones, vivienda, España, fijación inicial superior a 10 años)",https://data.ecb.europa.eu/data/datasets/MIR/MIR.M.ES.B.A2C.P.R.A.2250.EUR.N
2026-05,2.62,%,"Banco Central Europeo (Data Portal, MIR: tipos de interés de nuevas operaciones, vivienda, España, fijación inicial superior a 10 años)",https://data.ecb.europa.eu/data/datasets/MIR/MIR.M.ES.B.A2C.P.R.A.2250.EUR.N
2026-06,2.67,%,"Banco Central Europeo (Data Portal, MIR: tipos de interés de nuevas operaciones, vivienda, España, fijación inicial superior a 10 años)",https://data.ecb.europa.eu/data/datasets/MIR/MIR.M.ES.B.A2C.P.R.A.2250.EUR.N
2026-07,2.66,%,"Banco Central Europeo (Data Portal, MIR: tipos de interés de nuevas operaciones, vivienda, España, fijación inicial superior a 10 años)",https://data.ecb.europa.eu/data/datasets/MIR/MIR.M.ES.B.A2C.P.R.A.2250.EUR.N
2026-08,2.76,%,"Banco Central Europeo (Data Portal, MIR: tipos de interés de nuevas operaciones, vivienda, España, fijación inicial superior a 10 años)",https://data.ecb.europa.eu/data/datasets/MIR/MIR.M.ES.B.A2C.P.R.A.2250.EUR.N
